<?xml version="1.0" encoding="utf-8"?>

<!--
Copyright (C) Binod Nepal, Mix Open Foundation (http://mixof.org).

This file is part of MixERP.

MixERP is free software: you can redistribute it and/or modify
it under the terms of the GNU General Public License as published by
the Free Software Foundation, either version 3 of the License, or
(at your option) any later version.

MixERP is distributed in the hope that it will be useful,
but WITHOUT ANY WARRANTY; without even the implied warranty of
MERCHANTABILITY or FITNESS FOR A PARTICULAR PURPOSE.  See the
GNU General Public License for more details.

You should have received a copy of the GNU General Public License
along with MixERP.  If not, see <http://www.gnu.org/licenses />.
-->

<MixERPReport>
  <Title>{Resources.Titles.LoginView}</Title>
  <TopSection>
  </TopSection>
  <Body>
    <Content>
    </Content>
    <GridViews>
      <GridView>
        <GridViewDataSource Index="0">
        </GridViewDataSource>
      </GridView>
    </GridViews>
  </Body>
  <BottomSection>
  </BottomSection>
  <DataSources>
    <DataSource>
      <Query>
        SELECT * FROM office.sign_in_view;
      </Query>
    </DataSource>
  </DataSources>
</MixERPReport>